Time, ButtonPressRate, AveragePressRate
5.112648, 0, 0
7.127397, 0.4963399, 0.4963399
11.38213, 0.3190056, 0.4076727
17.59376, 0.2403633, 0.3519029
20.29372, 0.2634859, 0.3297987
