Time, ButtonPressRate, AveragePressRate
0.792061, 0, 0
1.285483, 2.026662, 2.026662
1.7493, 2.089343, 2.058002
2.382038, 1.88682, 2.000942
3.836989, 1.31366, 1.829121
